ğŸ˜€,"GrinningFace"
ğŸ˜,"BeamingFaceWithSmilingEyes"
ğŸ˜‚,"FaceWithTearsofJoy"
ğŸ¤£,"RollingontheFloorLaughing"
ğŸ˜ƒ,"GrinningFaceWithBigEyes"
ğŸ˜„,"GrinningFaceWithSmilingEyes"
ğŸ˜…,"GrinningFaceWithSweat"
ğŸ˜†,"GrinningSquintingFace"
ğŸ˜‰,"WinkingFace"
ğŸ˜Š,"SmilingFaceWithSmilingEyes"
ğŸ˜‹,"FaceSavoringFood"
ğŸ˜,"SmilingFaceWithSunglasses"
ğŸ˜,"SmilingFaceWithHeart-Eyes"
ğŸ˜˜,"FaceBlowingaKiss"
ğŸ˜—,"KissingFace"
ğŸ˜™,"KissingFaceWithSmilingEyes"
ğŸ˜š,"KissingFaceWithClosedEyes"
â˜º,"SmilingFace"
ğŸ™‚,"SlightlySmilingFace"
ğŸ¤—,"HuggingFace"
ğŸ¤©,"Star-Struck"
ğŸ¤”,"ThinkingFace"
ğŸ¤¨,"FaceWithRaisedEyebrow"
ğŸ˜,"NeutralFace"
ğŸ˜‘,"ExpressionlessFace"
ğŸ˜¶,"FaceWithoutMouth"
ğŸ™„,"FaceWithRollingEyes"
ğŸ˜,"SmirkingFace"
ğŸ˜£,"PerseveringFace"
ğŸ˜¥,"SadbutRelievedFace"
ğŸ˜®,"FaceWithOpenMouth"
ğŸ¤,"Zipper-MouthFace"
ğŸ˜¯,"HushedFace"
ğŸ˜ª,"SleepyFace"
ğŸ˜«,"TiredFace"
ğŸ˜´,"SleepingFace"
ğŸ˜Œ,"RelievedFace"
ğŸ˜›,"FaceWithTongue"
ğŸ˜œ,"WinkingFaceWithTongue"
ğŸ˜,"SquintingFaceWithTongue"
ğŸ¤¤,"DroolingFace"
ğŸ˜’,"UnamusedFace"
ğŸ˜“,"DowncastFaceWithSweat"
ğŸ˜”,"PensiveFace"
ğŸ˜•,"ConfusedFace"
ğŸ™ƒ,"Upside-DownFace"
ğŸ¤‘,"Money-MouthFace"
ğŸ˜²,"AstonishedFace"
â˜¹,"FrowningFace"
ğŸ™,"SlightlyFrowningFace"
ğŸ˜–,"ConfoundedFace"
ğŸ˜,"DisappointedFace"
ğŸ˜Ÿ,"WorriedFace"
ğŸ˜¤,"FaceWithSteamFromNose"
ğŸ˜¢,"CryingFace"
ğŸ˜­,"LoudlyCryingFace"
ğŸ˜¦,"FrowningFaceWithOpenMouth"
ğŸ˜§,"AnguishedFace"
ğŸ˜¨,"FearfulFace"
ğŸ˜©,"WearyFace"
ğŸ¤¯,"ExplodingHead"
ğŸ˜¬,"GrimacingFace"
ğŸ˜°,"AnxiousFaceWithSweat"
ğŸ˜±,"FaceScreaminginFear"
ğŸ˜³,"FlushedFace"
ğŸ¤ª,"ZanyFace"
ğŸ˜µ,"DizzyFace"
ğŸ˜¡,"PoutingFace"
ğŸ˜ ,"AngryFace"
ğŸ¤¬,"FaceWithSymbolsonMouth"
ğŸ˜·,"FaceWithMedicalMask"
ğŸ¤’,"FaceWithThermometer"
ğŸ¤•,"FaceWithHead-Bandage"
ğŸ¤¢,"NauseatedFace"
ğŸ¤®,"FaceVomiting"
ğŸ¤§,"SneezingFace"
ğŸ˜‡,"SmilingFaceWithHalo"
ğŸ¤ ,"CowboyHatFace"
ğŸ¤¡,"ClownFace"
ğŸ¤¥,"LyingFace"
ğŸ¤«,"ShushingFace"
ğŸ¤­,"FaceWithHandOverMouth"
ğŸ§,"FaceWithMonocle"
ğŸ¤“,"NerdFace"
ğŸ˜ˆ,"SmilingFaceWithHorns"
ğŸ‘¿,"AngryFaceWithHorns"
ğŸ‘¹,"Ogre"
ğŸ‘º,"Goblin"
ğŸ’€,"Skull"
ğŸ‘»,"Ghost"
ğŸ‘½,"Alien"
ğŸ¤–,"RobotFace"
ğŸ’©,"PileofPoo"
ğŸ˜º,"GrinningCatFace"
ğŸ˜¸,"GrinningCatFaceWithSmilingEyes"
ğŸ˜¹,"CatFaceWithTearsofJoy"
ğŸ˜»,"SmilingCatFaceWithHeart-Eyes"
ğŸ˜¼,"CatFaceWithWrySmile"
ğŸ˜½,"KissingCatFace"
ğŸ™€,"WearyCatFace"
ğŸ˜¿,"CryingCatFace"
ğŸ˜¾,"PoutingCatFace"
ğŸ‘¶,"Baby"
ğŸ‘¦,"Boy"
ğŸ‘§,"Girl"
ğŸ‘¨,"Man"
ğŸ‘©,"Woman"
ğŸ‘´,"OldMan"
ğŸ‘µ,"OldWoman"
ğŸ‘¨â€âš•ï¸,"ManHealthWorker"
ğŸ‘©â€âš•ï¸,"WomanHealthWorker"
ğŸ‘¨â€ğŸ“,"ManStudent"
ğŸ‘©â€ğŸ“,"WomanStudent"
ğŸ‘¨â€âš–ï¸,"ManJudge"
ğŸ‘©â€âš–ï¸,"WomanJudge"
ğŸ‘¨â€ğŸŒ¾,"ManFarmer"
ğŸ‘©â€ğŸŒ¾,"WomanFarmer"
ğŸ‘¨â€ğŸ³,"ManCook"
ğŸ‘©â€ğŸ³,"WomanCook"
ğŸ‘¨â€ğŸ”§,"ManMechanic"
ğŸ‘©â€ğŸ”§,"WomanMechanic"
ğŸ‘¨â€ğŸ­,"ManFactoryWorker"
ğŸ‘©â€ğŸ­,"WomanFactoryWorker"
ğŸ‘¨â€ğŸ’¼,"ManOfficeWorker"
ğŸ‘©â€ğŸ’¼,"WomanOfficeWorker"
ğŸ‘¨â€ğŸ”¬,"ManScientist"
ğŸ‘©â€ğŸ”¬,"WomanScientist"
ğŸ‘¨â€ğŸ’»,"ManTechnologist"
ğŸ‘©â€ğŸ’»,"WomanTechnologist"
ğŸ‘¨â€ğŸ¤,"ManSinger"
ğŸ‘©â€ğŸ¤,"WomanSinger"
ğŸ‘¨â€ğŸ¨,"ManArtist"
ğŸ‘©â€ğŸ¨,"WomanArtist"
ğŸ‘¨â€âœˆï¸,"ManPilot"
ğŸ‘©â€âœˆï¸,"WomanPilot"
ğŸ‘¨â€ğŸš€,"ManAstronaut"
ğŸ‘©â€ğŸš€,"WomanAstronaut"
ğŸ‘¨â€ğŸš’,"ManFirefighter"
ğŸ‘©â€ğŸš’,"WomanFirefighter"
ğŸ‘®,"PoliceOfficer"
ğŸ‘®â€â™‚ï¸,"ManPoliceOfficer"
ğŸ‘®â€â™€ï¸,"WomanPoliceOfficer"
ğŸ•µ,"Detective"
ğŸ•µï¸â€â™‚ï¸,"ManDetective"
ğŸ•µï¸â€â™€ï¸,"WomanDetective"
ğŸ’‚,"Guard"
ğŸ’‚â€â™‚ï¸,"ManGuard"
ğŸ’‚â€â™€ï¸,"WomanGuard"
ğŸ‘·,"ConstructionWorker"
ğŸ‘·â€â™‚ï¸,"ManConstructionWorker"
ğŸ‘·â€â™€ï¸,"WomanConstructionWorker"
ğŸ¤´,"Prince"
ğŸ‘¸,"Princess"
ğŸ‘³,"PersonWearingTurban"
ğŸ‘³â€â™‚ï¸,"ManWearingTurban"
ğŸ‘³â€â™€ï¸,"WomanWearingTurban"
ğŸ‘²,"ManWithChineseCap"
ğŸ§•,"WomanWithHeadscarf"
ğŸ§”,"BeardedPerson"
ğŸ‘±,"Blond-HairedPerson"
ğŸ‘±â€â™‚ï¸,"Blond-HairedMan"
ğŸ‘±â€â™€ï¸,"Blond-HairedWoman"
ğŸ¤µ,"ManinTuxedo"
ğŸ‘°,"BrideWithVeil"
ğŸ¤°,"PregnantWoman"
ğŸ¤±,"Breast-Feeding"
ğŸ‘¼,"BabyAngel"
ğŸ…,"SantaClaus"
ğŸ¤¶,"Mrs.Claus"
ğŸ§™â€â™€ï¸,"WomanMage"
ğŸ§™â€â™‚ï¸,"ManMage"
ğŸ§šâ€â™€ï¸,"WomanFairy"
ğŸ§šâ€â™‚ï¸,"ManFairy"
ğŸ§›â€â™€ï¸,"WomanVampire"
ğŸ§›â€â™‚ï¸,"ManVampire"
ğŸ§œâ€â™€ï¸,"Mermaid"
ğŸ§œâ€â™‚ï¸,"Merman"
ğŸ§â€â™€ï¸,"WomanElf"
ğŸ§â€â™‚ï¸,"ManElf"
ğŸ§â€â™€ï¸,"WomanGenie"
ğŸ§â€â™‚ï¸,"ManGenie"
ğŸ§Ÿâ€â™€ï¸,"WomanZombie"
ğŸ§Ÿâ€â™‚ï¸,"ManZombie"
ğŸ™,"PersonFrowning"
ğŸ™â€â™‚ï¸,"ManFrowning"
ğŸ™â€â™€ï¸,"WomanFrowning"
ğŸ™,"PersonPouting"
ğŸ™â€â™‚ï¸,"ManPouting"
ğŸ™â€â™€ï¸,"WomanPouting"
ğŸ™…,"PersonGesturingNo"
ğŸ™…â€â™‚ï¸,"ManGesturingNo"
ğŸ™…â€â™€ï¸,"WomanGesturingNo"
ğŸ™†,"PersonGesturingOK"
ğŸ™†â€â™‚ï¸,"ManGesturingOK"
ğŸ™†â€â™€ï¸,"WomanGesturingOK"
ğŸ’,"PersonTippingHand"
ğŸ’â€â™‚ï¸,"ManTippingHand"
ğŸ’â€â™€ï¸,"WomanTippingHand"
ğŸ™‹,"PersonRaisingHand"
ğŸ™‹â€â™‚ï¸,"ManRaisingHand"
ğŸ™‹â€â™€ï¸,"WomanRaisingHand"
ğŸ™‡,"PersonBowing"
ğŸ™‡â€â™‚ï¸,"ManBowing"
ğŸ™‡â€â™€ï¸,"WomanBowing"
ğŸ¤¦,"PersonFacepalming"
ğŸ¤¦â€â™‚ï¸,"ManFacepalming"
ğŸ¤¦â€â™€ï¸,"WomanFacepalming"
ğŸ¤·,"PersonShrugging"
ğŸ¤·â€â™‚ï¸,"ManShrugging"
ğŸ¤·â€â™€ï¸,"WomanShrugging"
ğŸ’†,"PersonGettingMassage"
ğŸ’†â€â™‚ï¸,"ManGettingMassage"
ğŸ’†â€â™€ï¸,"WomanGettingMassage"
ğŸ’‡,"PersonGettingHaircut"
ğŸ’‡â€â™‚ï¸,"ManGettingHaircut"
ğŸ’‡â€â™€ï¸,"WomanGettingHaircut"
ğŸš¶,"PersonWalking"
ğŸš¶â€â™‚ï¸,"ManWalking"
ğŸš¶â€â™€ï¸,"WomanWalking"
ğŸƒ,"PersonRunning"
ğŸƒâ€â™‚ï¸,"ManRunning"
ğŸƒâ€â™€ï¸,"WomanRunning"
ğŸ’ƒ,"WomanDancing"
ğŸ•º,"ManDancing"
ğŸ‘¯,"PeopleWithBunnyEars"
ğŸ‘¯â€â™‚ï¸,"MenWithBunnyEars"
ğŸ‘¯â€â™€ï¸,"WomenWithBunnyEars"
ğŸ§–â€â™€ï¸,"WomaninSteamyRoom"
ğŸ§–â€â™‚ï¸,"ManinSteamyRoom"
ğŸ•´,"ManinSuitLevitating"
ğŸ—£,"SpeakingHead"
ğŸ‘¤,"BustinSilhouette"
ğŸ‘¥,"BustsinSilhouette"
ğŸ‘«,"ManandWomanHoldingHands"
ğŸ‘¬,"TwoMenHoldingHands"
ğŸ‘­,"TwoWomenHoldingHands"
ğŸ’,"Kiss"
ğŸ‘¨â€â¤ï¸â€ğŸ’‹â€ğŸ‘¨,"Kiss:Man,Man"
ğŸ‘©â€â¤ï¸â€ğŸ’‹â€ğŸ‘©,"Kiss:Woman,Woman"
ğŸ’‘,"CoupleWithHeart"
ğŸ‘¨â€â¤ï¸â€ğŸ‘¨,"CoupleWithHeart:Man,Man"
ğŸ‘©â€â¤ï¸â€ğŸ‘©,"CoupleWithHeart:Woman,Woman"
ğŸ‘ª,"Family"
ğŸ‘¨â€ğŸ‘©â€ğŸ‘¦,"Family:Man,Woman,Boy"
ğŸ‘¨â€ğŸ‘©â€ğŸ‘§,"Family:Man,Woman,Girl"
ğŸ‘¨â€ğŸ‘©â€ğŸ‘§â€ğŸ‘¦,"Family:Man,Woman,Girl,Boy"
ğŸ‘¨â€ğŸ‘©â€ğŸ‘¦â€ğŸ‘¦,"Family:Man,Woman,Boy,Boy"
ğŸ‘¨â€ğŸ‘©â€ğŸ‘§â€ğŸ‘§,"Family:Man,Woman,Girl,Girl"
ğŸ‘¨â€ğŸ‘¨â€ğŸ‘¦,"Family:Man,Man,Boy"
ğŸ‘¨â€ğŸ‘¨â€ğŸ‘§,"Family:Man,Man,Girl"
ğŸ‘¨â€ğŸ‘¨â€ğŸ‘§â€ğŸ‘¦,"Family:Man,Man,Girl,Boy"
ğŸ‘¨â€ğŸ‘¨â€ğŸ‘¦â€ğŸ‘¦,"Family:Man,Man,Boy,Boy"
ğŸ‘¨â€ğŸ‘¨â€ğŸ‘§â€ğŸ‘§,"Family:Man,Man,Girl,Girl"
ğŸ‘©â€ğŸ‘©â€ğŸ‘¦,"Family:Woman,Woman,Boy"
ğŸ‘©â€ğŸ‘©â€ğŸ‘§,"Family:Woman,Woman,Girl"
ğŸ‘©â€ğŸ‘©â€ğŸ‘§â€ğŸ‘¦,"Family:Woman,Woman,Girl,Boy"
ğŸ‘©â€ğŸ‘©â€ğŸ‘¦â€ğŸ‘¦,"Family:Woman,Woman,Boy,Boy"
ğŸ‘©â€ğŸ‘©â€ğŸ‘§â€ğŸ‘§,"Family:Woman,Woman,Girl,Girl"
ğŸ‘¨â€ğŸ‘¦,"Family:Man,Boy"
ğŸ‘¨â€ğŸ‘¦â€ğŸ‘¦,"Family:Man,Boy,Boy"
ğŸ‘¨â€ğŸ‘§,"Family:Man,Girl"
ğŸ‘¨â€ğŸ‘§â€ğŸ‘¦,"Family:Man,Girl,Boy"
ğŸ‘¨â€ğŸ‘§â€ğŸ‘§,"Family:Man,Girl,Girl"
ğŸ‘©â€ğŸ‘¦,"Family:Woman,Boy"
ğŸ‘©â€ğŸ‘¦â€ğŸ‘¦,"Family:Woman,Boy,Boy"
ğŸ‘©â€ğŸ‘§,"Family:Woman,Girl"
ğŸ‘©â€ğŸ‘§â€ğŸ‘¦,"Family:Woman,Girl,Boy"
ğŸ‘©â€ğŸ‘§â€ğŸ‘§,"Family:Woman,Girl,Girl"
ğŸ¤³,"Selfie"
ğŸ’ª,"FlexedBiceps"
ğŸ‘ˆ,"BackhandIndexPointingLeft"
ğŸ‘‰,"BackhandIndexPointingRight"
â˜,"IndexPointingUp"
ğŸ‘†,"BackhandIndexPointingUp"
ğŸ–•,"MiddleFinger"
ğŸ‘‡,"BackhandIndexPointingDown"
âœŒ,"VictoryHand"
ğŸ¤,"CrossedFingers"
ğŸ––,"VulcanSalute"
ğŸ¤˜,"SignoftheHorns"
ğŸ–,"HandWithFingersSplayed"
âœ‹,"RaisedHand"
ğŸ‘Œ,"OKHand"
ğŸ‘,"ThumbsUp"
ğŸ‘,"ThumbsDown"
âœŠ,"RaisedFist"
ğŸ‘Š,"OncomingFist"
ğŸ¤›,"Left-FacingFist"
ğŸ¤œ,"Right-FacingFist"
ğŸ¤š,"RaisedBackofHand"
ğŸ‘‹,"WavingHand"
ğŸ¤Ÿ,"Love-YouGesture"
âœ,"WritingHand"
ğŸ‘,"ClappingHands"
ğŸ‘,"OpenHands"
ğŸ™Œ,"RaisingHands"
ğŸ¤²,"PalmsUpTogether"
ğŸ™,"FoldedHands"
ğŸ¤,"Handshake"
ğŸ’…,"NailPolish"
ğŸ‘‚,"Ear"
ğŸ‘ƒ,"Nose"
ğŸ‘£,"Footprints"
ğŸ‘€,"Eyes"
ğŸ‘,"Eye"
ğŸ§ ,"Brain"
ğŸ‘…,"Tongue"
ğŸ‘„,"Mouth"
ğŸ’‹,"KissMark"
ğŸ‘“,"Glasses"
ğŸ•¶,"Sunglasses"
ğŸ‘”,"Necktie"
ğŸ‘•,"T-Shirt"
ğŸ‘–,"Jeans"
ğŸ§£,"Scarf"
ğŸ§¤,"Gloves"
ğŸ§¥,"Coat"
ğŸ§¦,"Socks"
ğŸ‘—,"Dress"
ğŸ‘˜,"Kimono"
ğŸ‘™,"Bikini"
ğŸ‘š,"Womanâ€™sClothes"
ğŸ‘›,"Purse"
ğŸ‘œ,"Handbag"
ğŸ‘,"ClutchBag"
ğŸ’,"SchoolBackpack"
ğŸ‘,"Manâ€™sShoe"
ğŸ‘Ÿ,"RunningShoe"
ğŸ‘ ,"High-HeeledShoe"
ğŸ‘¡,"Womanâ€™sSandal"
ğŸ‘¢,"Womanâ€™sBoot"
ğŸ‘‘,"Crown"
ğŸ‘’,"Womanâ€™sHat"
ğŸ©,"TopHat"
ğŸ“,"GraduationCap"
ğŸ§¢,"BilledCap"
â›‘,"RescueWorkerâ€™sHelmet"
ğŸ’„,"Lipstick"
ğŸ’,"Ring"
ğŸŒ‚,"ClosedUmbrella"
â˜‚,"Umbrella"
ğŸ’¼,"Briefcase"
break,"break"
ğŸ™ˆ,"See-No-EvilMonkey"
ğŸ™‰,"Hear-No-EvilMonkey"
ğŸ™Š,"Speak-No-EvilMonkey"
ğŸ’¥,"Collision"
ğŸ’¦,"SweatDroplets"
ğŸ’¨,"DashingAway"
ğŸ’«,"Dizzy"
ğŸµ,"MonkeyFace"
ğŸ’,"Monkey"
ğŸ¦,"Gorilla"
ğŸ¶,"DogFace"
ğŸ•,"Dog"
ğŸ©,"Poodle"
ğŸº,"WolfFace"
ğŸ¦Š,"FoxFace"
ğŸ±,"CatFace"
ğŸˆ,"Cat"
ğŸ¦,"LionFace"
ğŸ¯,"TigerFace"
ğŸ…,"Tiger"
ğŸ†,"Leopard"
ğŸ´,"HorseFace"
ğŸ,"Horse"
ğŸ¦„,"UnicornFace"
ğŸ¦“,"Zebra"
ğŸ®,"CowFace"
ğŸ‚,"Ox"
ğŸƒ,"WaterBuffalo"
ğŸ„,"Cow"
ğŸ·,"PigFace"
ğŸ–,"Pig"
ğŸ—,"Boar"
ğŸ½,"PigNose"
ğŸ,"Ram"
ğŸ‘,"Ewe"
ğŸ,"Goat"
ğŸª,"Camel"
ğŸ«,"Two-HumpCamel"
ğŸ¦’,"Giraffe"
ğŸ˜,"Elephant"
ğŸ¦,"Rhinoceros"
ğŸ­,"MouseFace"
ğŸ,"Mouse"
ğŸ€,"Rat"
ğŸ¹,"HamsterFace"
ğŸ°,"RabbitFace"
ğŸ‡,"Rabbit"
ğŸ¿,"Chipmunk"
ğŸ¦”,"Hedgehog"
ğŸ¦‡,"Bat"
ğŸ»,"BearFace"
ğŸ¨,"Koala"
ğŸ¼,"PandaFace"
ğŸ¾,"PawPrints"
ğŸ¦ƒ,"Turkey"
ğŸ”,"Chicken"
ğŸ“,"Rooster"
ğŸ£,"HatchingChick"
ğŸ¤,"BabyChick"
ğŸ¥,"Front-FacingBabyChick"
ğŸ¦,"Bird"
ğŸ§,"Penguin"
ğŸ•Š,"Dove"
ğŸ¦…,"Eagle"
ğŸ¦†,"Duck"
ğŸ¦‰,"Owl"
ğŸ¸,"FrogFace"
ğŸŠ,"Crocodile"
ğŸ¢,"Turtle"
ğŸ¦,"Lizard"
ğŸ,"Snake"
ğŸ²,"DragonFace"
ğŸ‰,"Dragon"
ğŸ¦•,"Sauropod"
ğŸ¦–,"T-Rex"
ğŸ³,"SpoutingWhale"
ğŸ‹,"Whale"
ğŸ¬,"Dolphin"
ğŸŸ,"Fish"
ğŸ ,"TropicalFish"
ğŸ¡,"Blowfish"
ğŸ¦ˆ,"Shark"
ğŸ™,"Octopus"
ğŸš,"SpiralShell"
ğŸ¦€,"Crab"
ğŸ¦,"Shrimp"
ğŸ¦‘,"Squid"
ğŸŒ,"Snail"
ğŸ¦‹,"Butterfly"
ğŸ›,"Bug"
ğŸœ,"Ant"
ğŸ,"Honeybee"
ğŸ,"LadyBeetle"
ğŸ¦—,"Cricket"
ğŸ•·,"Spider"
ğŸ•¸,"SpiderWeb"
ğŸ¦‚,"Scorpion"
ğŸ’,"Bouquet"
ğŸŒ¸,"CherryBlossom"
ğŸ’®,"WhiteFlower"
ğŸµ,"Rosette"
ğŸŒ¹,"Rose"
ğŸ¥€,"WiltedFlower"
ğŸŒº,"Hibiscus"
ğŸŒ»,"Sunflower"
ğŸŒ¼,"Blossom"
ğŸŒ·,"Tulip"
ğŸŒ±,"Seedling"
ğŸŒ²,"EvergreenTree"
ğŸŒ³,"DeciduousTree"
ğŸŒ´,"PalmTree"
ğŸŒµ,"Cactus"
ğŸŒ¾,"SheafofRice"
ğŸŒ¿,"Herb"
â˜˜,"Shamrock"
ğŸ€,"FourLeafClover"
ğŸ,"MapleLeaf"
ğŸ‚,"FallenLeaf"
ğŸƒ,"LeafFlutteringinWind"
ğŸ„,"Mushroom"
ğŸŒ°,"Chestnut"
ğŸŒ,"GlobeShowingEurope-Africa"
ğŸŒ,"GlobeShowingAmericas"
ğŸŒ,"GlobeShowingAsia-Australia"
ğŸŒ,"GlobeWithMeridians"
ğŸŒ‘,"NewMoon"
ğŸŒ’,"WaxingCrescentMoon"
ğŸŒ“,"FirstQuarterMoon"
ğŸŒ”,"WaxingGibbousMoon"
ğŸŒ•,"FullMoon"
ğŸŒ–,"WaningGibbousMoon"
ğŸŒ—,"LastQuarterMoon"
ğŸŒ˜,"WaningCrescentMoon"
ğŸŒ™,"CrescentMoon"
ğŸŒš,"NewMoonFace"
ğŸŒ›,"FirstQuarterMoonFace"
ğŸŒœ,"LastQuarterMoonFace"
â˜€,"Sun"
ğŸŒ,"FullMoonFace"
ğŸŒ,"SunWithFace"
â­,"WhiteMediumStar"
ğŸŒŸ,"GlowingStar"
ğŸŒ ,"ShootingStar"
â˜,"Cloud"
â›…,"SunBehindCloud"
â›ˆ,"CloudWithLightningandRain"
ğŸŒ¤,"SunBehindSmallCloud"
ğŸŒ¥,"SunBehindLargeCloud"
ğŸŒ¦,"SunBehindRainCloud"
ğŸŒ§,"CloudWithRain"
ğŸŒ¨,"CloudWithSnow"
ğŸŒ©,"CloudWithLightning"
ğŸŒª,"Tornado"
ğŸŒ«,"Fog"
ğŸŒ¬,"WindFace"
ğŸŒˆ,"Rainbow"
â˜‚,"Umbrella"
â˜”,"UmbrellaWithRainDrops"
âš¡,"HighVoltage"
â„,"Snowflake"
â˜ƒ,"Snowman"
â›„,"SnowmanWithoutSnow"
â˜„,"Comet"
ğŸ”¥,"Fire"
ğŸ’§,"Droplet"
ğŸŒŠ,"WaterWave"
ğŸ„,"ChristmasTree"
âœ¨,"Sparkles"
ğŸ‹,"TanabataTree"
ğŸ,"PineDecoration"
break,"break"
ğŸ‡,"Grapes"
ğŸˆ,"Melon"
ğŸ‰,"Watermelon"
ğŸŠ,"Tangerine"
ğŸ‹,"Lemon"
ğŸŒ,"Banana"
ğŸ,"Pineapple"
ğŸ,"RedApple"
ğŸ,"GreenApple"
ğŸ,"Pear"
ğŸ‘,"Peach"
ğŸ’,"Cherries"
ğŸ“,"Strawberry"
ğŸ¥,"KiwiFruit"
ğŸ…,"Tomato"
ğŸ¥¥,"Coconut"
ğŸ¥‘,"Avocado"
ğŸ†,"Eggplant"
ğŸ¥”,"Potato"
ğŸ¥•,"Carrot"
ğŸŒ½,"EarofCorn"
ğŸŒ¶,"HotPepper"
ğŸ¥’,"Cucumber"
ğŸ¥¦,"Broccoli"
ğŸ„,"Mushroom"
ğŸ¥œ,"Peanuts"
ğŸŒ°,"Chestnut"
ğŸ,"Bread"
ğŸ¥,"Croissant"
ğŸ¥–,"BaguetteBread"
ğŸ¥¨,"Pretzel"
ğŸ¥,"Pancakes"
ğŸ§€,"CheeseWedge"
ğŸ–,"MeatonBone"
ğŸ—,"PoultryLeg"
ğŸ¥©,"CutofMeat"
ğŸ¥“,"Bacon"
ğŸ”,"Hamburger"
ğŸŸ,"FrenchFries"
ğŸ•,"Pizza"
ğŸŒ­,"HotDog"
ğŸ¥ª,"Sandwich"
ğŸŒ®,"Taco"
ğŸŒ¯,"Burrito"
ğŸ³,"Cooking"
ğŸ²,"PotofFood"
ğŸ¥£,"BowlWithSpoon"
ğŸ¥—,"GreenSalad"
ğŸ¿,"Popcorn"
ğŸ¥«,"CannedFood"
ğŸ±,"BentoBox"
ğŸ˜,"RiceCracker"
ğŸ™,"RiceBall"
ğŸš,"CookedRice"
ğŸ›,"CurryRice"
ğŸœ,"SteamingBowl"
ğŸ,"Spaghetti"
ğŸ ,"RoastedSweetPotato"
ğŸ¢,"Oden"
ğŸ£,"Sushi"
ğŸ¤,"FriedShrimp"
ğŸ¥,"FishCakeWithSwirl"
ğŸ¡,"Dango"
ğŸ¥Ÿ,"Dumpling"
ğŸ¥ ,"FortuneCookie"
ğŸ¥¡,"TakeoutBox"
ğŸ¦,"SoftIceCream"
ğŸ§,"ShavedIce"
ğŸ¨,"IceCream"
ğŸ©,"Doughnut"
ğŸª,"Cookie"
ğŸ‚,"BirthdayCake"
ğŸ°,"Shortcake"
ğŸ¥§,"Pie"
ğŸ«,"ChocolateBar"
ğŸ¬,"Candy"
ğŸ­,"Lollipop"
ğŸ®,"Custard"
ğŸ¯,"HoneyPot"
ğŸ¼,"BabyBottle"
ğŸ¥›,"GlassofMilk"
â˜•,"HotBeverage"
ğŸµ,"TeacupWithoutHandle"
ğŸ¶,"Sake"
ğŸ¾,"BottleWithPoppingCork"
ğŸ·,"WineGlass"
ğŸ¸,"CocktailGlass"
ğŸ¹,"TropicalDrink"
ğŸº,"BeerMug"
ğŸ»,"ClinkingBeerMugs"
ğŸ¥‚,"ClinkingGlasses"
ğŸ¥ƒ,"TumblerGlass"
ğŸ¥¤,"CupWithStraw"
ğŸ¥¢,"Chopsticks"
ğŸ½,"ForkandKnifeWithPlate"
ğŸ´,"ForkandKnife"
ğŸ¥„,"Spoon"
break,"break"
ğŸ‘¾,"AlienMonster"
ğŸ§—â€â™€ï¸,"WomanClimbing"
ğŸ§—â€â™‚ï¸,"ManClimbing"
ğŸ§˜â€â™€ï¸,"WomaninLotusPosition"
ğŸ§˜â€â™‚ï¸,"ManinLotusPosition"
ğŸ•´,"ManinSuitLevitating"
ğŸ‡,"HorseRacing"
â›·,"Skier"
ğŸ‚,"Snowboarder"
ğŸŒ,"PersonGolfing"
ğŸŒï¸â€â™‚ï¸,"ManGolfing"
ğŸŒï¸â€â™€ï¸,"WomanGolfing"
ğŸ„,"PersonSurfing"
ğŸ„â€â™‚ï¸,"ManSurfing"
ğŸ„â€â™€ï¸,"WomanSurfing"
ğŸš£,"PersonRowingBoat"
ğŸš£â€â™‚ï¸,"ManRowingBoat"
ğŸš£â€â™€ï¸,"WomanRowingBoat"
ğŸŠ,"PersonSwimming"
ğŸŠâ€â™‚ï¸,"ManSwimming"
ğŸŠâ€â™€ï¸,"WomanSwimming"
â›¹,"PersonBouncingBall"
â›¹ï¸â€â™‚ï¸,"ManBouncingBall"
â›¹ï¸â€â™€ï¸,"WomanBouncingBall"
ğŸ‹,"PersonLiftingWeights"
ğŸ‹ï¸â€â™‚ï¸,"ManLiftingWeights"
ğŸ‹ï¸â€â™€ï¸,"WomanLiftingWeights"
ğŸš´,"PersonBiking"
ğŸš´â€â™‚ï¸,"ManBiking"
ğŸš´â€â™€ï¸,"WomanBiking"
ğŸšµ,"PersonMountainBiking"
ğŸšµâ€â™‚ï¸,"ManMountainBiking"
ğŸšµâ€â™€ï¸,"WomanMountainBiking"
ğŸ¤¸,"PersonCartwheeling"
ğŸ¤¸â€â™‚ï¸,"ManCartwheeling"
ğŸ¤¸â€â™€ï¸,"WomanCartwheeling"
ğŸ¤¼,"PeopleWrestling"
ğŸ¤¼â€â™‚ï¸,"MenWrestling"
ğŸ¤¼â€â™€ï¸,"WomenWrestling"
ğŸ¤½,"PersonPlayingWaterPolo"
ğŸ¤½â€â™‚ï¸,"ManPlayingWaterPolo"
ğŸ¤½â€â™€ï¸,"WomanPlayingWaterPolo"
ğŸ¤¾,"PersonPlayingHandball"
ğŸ¤¾â€â™‚ï¸,"ManPlayingHandball"
ğŸ¤¾â€â™€ï¸,"WomanPlayingHandball"
ğŸ¤¹,"PersonJuggling"
ğŸ¤¹â€â™‚ï¸,"ManJuggling"
ğŸ¤¹â€â™€ï¸,"WomanJuggling"
ğŸª,"CircusTent"
ğŸ—,"ReminderRibbon"
ğŸŸ,"AdmissionTickets"
ğŸ«,"Ticket"
ğŸ–,"MilitaryMedal"
ğŸ†,"Trophy"
ğŸ…,"SportsMedal"
ğŸ¥‡,"1stPlaceMedal"
ğŸ¥ˆ,"2ndPlaceMedal"
ğŸ¥‰,"3rdPlaceMedal"
âš½,"SoccerBall"
âš¾,"Baseball"
ğŸ€,"Basketball"
ğŸ,"Volleyball"
ğŸˆ,"AmericanFootball"
ğŸ‰,"RugbyFootball"
ğŸ¾,"Tennis"
ğŸ³,"Bowling"
ğŸ,"CricketGame"
ğŸ‘,"FieldHockey"
ğŸ’,"IceHockey"
ğŸ“,"PingPong"
ğŸ¸,"Badminton"
ğŸ¥Š,"BoxingGlove"
ğŸ¥‹,"MartialArtsUniform"
â›³,"FlaginHole"
â›¸,"IceSkate"
ğŸ£,"FishingPole"
ğŸ½,"RunningShirt"
ğŸ¿,"Skis"
ğŸ›·,"Sled"
ğŸ¥Œ,"CurlingStone"
ğŸ¯,"DirectHit"
ğŸ±,"Pool8Ball"
ğŸ®,"VideoGame"
ğŸ°,"SlotMachine"
ğŸ²,"GameDie"
ğŸ­,"PerformingArts"
ğŸ¨,"ArtistPalette"
ğŸ¼,"MusicalScore"
ğŸ¤,"Microphone"
ğŸ§,"Headphone"
ğŸ·,"Saxophone"
ğŸ¸,"Guitar"
ğŸ¹,"MusicalKeyboard"
ğŸº,"Trumpet"
ğŸ»,"Violin"
ğŸ¥,"Drum"
ğŸ¬,"ClapperBoard"
ğŸ¹,"BowandArrow"
break,"break"
ğŸš£,"PersonRowingBoat"
ğŸ,"RacingCar"
ğŸ,"Motorcycle"
ğŸ—¾,"MapofJapan"
ğŸ”,"Snow-CappedMountain"
â›°,"Mountain"
ğŸŒ‹,"Volcano"
ğŸ—»,"MountFuji"
ğŸ•,"Camping"
ğŸ–,"BeachWithUmbrella"
ğŸœ,"Desert"
ğŸ,"DesertIsland"
ğŸ,"NationalPark"
ğŸŸ,"Stadium"
ğŸ›,"ClassicalBuilding"
ğŸ—,"BuildingConstruction"
ğŸ˜,"Houses"
ğŸš,"DerelictHouse"
ğŸ ,"House"
ğŸ¡,"HouseWithGarden"
ğŸ¢,"OfficeBuilding"
ğŸ£,"JapanesePostOffice"
ğŸ¤,"PostOffice"
ğŸ¥,"Hospital"
ğŸ¦,"Bank"
ğŸ¨,"Hotel"
ğŸ©,"LoveHotel"
ğŸª,"ConvenienceStore"
ğŸ«,"School"
ğŸ¬,"DepartmentStore"
ğŸ­,"Factory"
ğŸ¯,"JapaneseCastle"
ğŸ°,"Castle"
ğŸ’’,"Wedding"
ğŸ—¼,"TokyoTower"
ğŸ—½,"StatueofLiberty"
â›ª,"Church"
ğŸ•Œ,"Mosque"
ğŸ•,"Synagogue"
â›©,"ShintoShrine"
ğŸ•‹,"Kaaba"
â›²,"Fountain"
â›º,"Tent"
ğŸŒ,"Foggy"
ğŸŒƒ,"NightWithStars"
ğŸ™,"Cityscape"
ğŸŒ„,"SunriseOverMountains"
ğŸŒ…,"Sunrise"
ğŸŒ†,"CityscapeatDusk"
ğŸŒ‡,"Sunset"
ğŸŒ‰,"BridgeatNight"
ğŸŒŒ,"MilkyWay"
ğŸ ,"CarouselHorse"
ğŸ¡,"FerrisWheel"
ğŸ¢,"RollerCoaster"
ğŸš‚,"Locomotive"
ğŸšƒ,"RailwayCar"
ğŸš„,"High-SpeedTrain"
ğŸš…,"BulletTrain"
ğŸš†,"Train"
ğŸš‡,"Metro"
ğŸšˆ,"LightRail"
ğŸš‰,"Station"
ğŸšŠ,"Tram"
ğŸš,"Monorail"
ğŸš,"MountainRailway"
ğŸš‹,"TramCar"
ğŸšŒ,"Bus"
ğŸš,"OncomingBus"
ğŸš,"Trolleybus"
ğŸš,"Minibus"
ğŸš‘,"Ambulance"
ğŸš’,"FireEngine"
ğŸš“,"PoliceCar"
ğŸš”,"OncomingPoliceCar"
ğŸš•,"Taxi"
ğŸš–,"OncomingTaxi"
ğŸš—,"Automobile"
ğŸš˜,"OncomingAutomobile"
ğŸšš,"DeliveryTruck"
ğŸš›,"ArticulatedLorry"
ğŸšœ,"Tractor"
ğŸš²,"Bicycle"
ğŸ›´,"KickScooter"
ğŸ›µ,"MotorScooter"
ğŸš,"BusStop"
ğŸ›¤,"RailwayTrack"
â›½,"FuelPump"
ğŸš¨,"PoliceCarLight"
ğŸš¥,"HorizontalTrafficLight"
ğŸš¦,"VerticalTrafficLight"
ğŸš§,"Construction"
âš“,"Anchor"
â›µ,"Sailboat"
ğŸš¤,"Speedboat"
ğŸ›³,"PassengerShip"
â›´,"Ferry"
ğŸ›¥,"MotorBoat"
ğŸš¢,"Ship"
âœˆ,"Airplane"
ğŸ›©,"SmallAirplane"
ğŸ›«,"AirplaneDeparture"
ğŸ›¬,"AirplaneArrival"
ğŸ’º,"Seat"
ğŸš,"Helicopter"
ğŸšŸ,"SuspensionRailway"
ğŸš ,"MountainCableway"
ğŸš¡,"AerialTramway"
ğŸ›°,"Satellite"
ğŸš€,"Rocket"
ğŸ›¸,"FlyingSaucer"
ğŸŒ ,"ShootingStar"
â›±,"UmbrellaonGround"
ğŸ†,"Fireworks"
ğŸ‡,"Sparkler"
ğŸ‘,"MoonViewingCeremony"
ğŸ’´,"YenBanknote"
ğŸ’µ,"DollarBanknote"
ğŸ’¶,"EuroBanknote"
ğŸ’·,"PoundBanknote"
ğŸ—¿,"Moai"
ğŸ›‚,"PassportControl"
ğŸ›ƒ,"Customs"
ğŸ›„,"BaggageClaim"
ğŸ›…,"LeftLuggage"
break,"break"
â˜ ,"SkullandCrossbones"
ğŸ›€,"PersonTakingBath"
ğŸ›Œ,"PersoninBed"
ğŸ’Œ,"LoveLetter"
ğŸ’£,"Bomb"
ğŸ•³,"Hole"
ğŸ›,"ShoppingBags"
ğŸ“¿,"PrayerBeads"
ğŸ’,"GemStone"
ğŸ”ª,"KitchenKnife"
ğŸº,"Amphora"
ğŸ—º,"WorldMap"
ğŸ’ˆ,"BarberPole"
ğŸ›¢,"OilDrum"
ğŸ›,"BellhopBell"
âŒ›,"HourglassDone"
â³,"HourglassNotDone"
âŒš,"Watch"
â°,"AlarmClock"
â±,"Stopwatch"
â²,"TimerClock"
ğŸ•°,"MantelpieceClock"
ğŸŒ¡,"Thermometer"
â›±,"UmbrellaonGround"
ğŸˆ,"Balloon"
ğŸ‰,"PartyPopper"
ğŸŠ,"ConfettiBall"
ğŸ,"JapaneseDolls"
ğŸ,"CarpStreamer"
ğŸ,"WindChime"
ğŸ€,"Ribbon"
ğŸ,"WrappedGift"
ğŸ”®,"CrystalBall"
ğŸ•¹,"Joystick"
ğŸ–¼,"FramedPicture"
ğŸ“¯,"PostalHorn"
ğŸ™,"StudioMicrophone"
ğŸš,"LevelSlider"
ğŸ›,"ControlKnobs"
ğŸ“»,"Radio"
ğŸ“±,"MobilePhone"
ğŸ“²,"MobilePhoneWithArrow"
â˜,"Telephone"
ğŸ“,"TelephoneReceiver"
ğŸ“Ÿ,"Pager"
ğŸ“ ,"FaxMachine"
ğŸ”‹,"Battery"
ğŸ”Œ,"ElectricPlug"
ğŸ’»,"LaptopComputer"
ğŸ–¥,"DesktopComputer"
ğŸ–¨,"Printer"
âŒ¨,"Keyboard"
ğŸ–±,"ComputerMouse"
ğŸ–²,"Trackball"
ğŸ’½,"ComputerDisk"
ğŸ’¾,"FloppyDisk"
ğŸ’¿,"OpticalDisk"
ğŸ“€,"DVD"
ğŸ¥,"MovieCamera"
ğŸ,"FilmFrames"
ğŸ“½,"FilmProjector"
ğŸ“º,"Television"
ğŸ“·,"Camera"
ğŸ“¸,"CameraWithFlash"
ğŸ“¹,"VideoCamera"
ğŸ“¼,"Videocassette"
ğŸ”,"MagnifyingGlassTiltedLeft"
ğŸ”,"MagnifyingGlassTiltedRight"
ğŸ•¯,"Candle"
ğŸ’¡,"LightBulb"
ğŸ”¦,"Flashlight"
ğŸ®,"RedPaperLantern"
ğŸ“”,"NotebookWithDecorativeCover"
ğŸ“•,"ClosedBook"
ğŸ“–,"OpenBook"
ğŸ“—,"GreenBook"
ğŸ“˜,"BlueBook"
ğŸ“™,"OrangeBook"
ğŸ“š,"Books"
ğŸ““,"Notebook"
ğŸ“ƒ,"PageWithCurl"
ğŸ“œ,"Scroll"
ğŸ“„,"PageFacingUp"
ğŸ“°,"Newspaper"
ğŸ—,"Rolled-UpNewspaper"
ğŸ“‘,"BookmarkTabs"
ğŸ”–,"Bookmark"
ğŸ·,"Label"
ğŸ’°,"MoneyBag"
ğŸ’´,"YenBanknote"
ğŸ’µ,"DollarBanknote"
ğŸ’¶,"EuroBanknote"
ğŸ’·,"PoundBanknote"
ğŸ’¸,"MoneyWithWings"
ğŸ’³,"CreditCard"
âœ‰,"Envelope"
ğŸ“§,"E-Mail"
ğŸ“¨,"IncomingEnvelope"
ğŸ“©,"EnvelopeWithArrow"
ğŸ“¤,"OutboxTray"
ğŸ“¥,"InboxTray"
ğŸ“¦,"Package"
ğŸ“«,"ClosedMailboxWithRaisedFlag"
ğŸ“ª,"ClosedMailboxWithLoweredFlag"
ğŸ“¬,"OpenMailboxWithRaisedFlag"
ğŸ“­,"OpenMailboxWithLoweredFlag"
ğŸ“®,"Postbox"
ğŸ—³,"BallotBoxWithBallot"
âœ,"Pencil"
âœ’,"BlackNib"
ğŸ–‹,"FountainPen"
ğŸ–Š,"Pen"
ğŸ–Œ,"Paintbrush"
ğŸ–,"Crayon"
ğŸ“,"Memo"
ğŸ“,"FileFolder"
ğŸ“‚,"OpenFileFolder"
ğŸ—‚,"CardIndexDividers"
ğŸ“…,"Calendar"
ğŸ“†,"Tear-OffCalendar"
ğŸ—’,"SpiralNotepad"
ğŸ—“,"SpiralCalendar"
ğŸ“‡,"CardIndex"
ğŸ“ˆ,"ChartIncreasing"
ğŸ“‰,"ChartDecreasing"
ğŸ“Š,"BarChart"
ğŸ“‹,"Clipboard"
ğŸ“Œ,"Pushpin"
ğŸ“,"RoundPushpin"
ğŸ“,"Paperclip"
ğŸ–‡,"LinkedPaperclips"
ğŸ“,"StraightRuler"
ğŸ“,"TriangularRuler"
âœ‚,"Scissors"
ğŸ—ƒ,"CardFileBox"
ğŸ—„,"FileCabinet"
ğŸ—‘,"Wastebasket"
ğŸ”’,"Locked"
ğŸ”“,"Unlocked"
ğŸ”,"LockedWithPen"
ğŸ”,"LockedWithKey"
ğŸ”‘,"Key"
ğŸ—,"OldKey"
ğŸ”¨,"Hammer"
â›,"Pick"
âš’,"HammerandPick"
ğŸ› ,"HammerandWrench"
ğŸ—¡,"Dagger"
âš”,"CrossedSwords"
ğŸ”«,"Pistol"
ğŸ›¡,"Shield"
ğŸ”§,"Wrench"
ğŸ”©,"NutandBolt"
âš™,"Gear"
ğŸ—œ,"Clamp"
âš–,"BalanceScale"
ğŸ”—,"Link"
â›“,"Chains"
âš—,"Alembic"
ğŸ”¬,"Microscope"
ğŸ”­,"Telescope"
ğŸ“¡,"SatelliteAntenna"
ğŸ’‰,"Syringe"
ğŸ’Š,"Pill"
ğŸšª,"Door"
ğŸ›,"Bed"
ğŸ›‹,"CouchandLamp"
ğŸš½,"Toilet"
ğŸš¿,"Shower"
ğŸ›,"Bathtub"
ğŸš¬,"Cigarette"
âš°,"Coffin"
âš±,"FuneralUrn"
ğŸ—¿,"Moai"
ğŸš°,"PotableWater"
break,"break"
ğŸ‘ï¸â€ğŸ—¨ï¸,"EyeinSpeechBubble"
ğŸ’˜,"HeartWithArrow"
â¤,"RedHeart"
ğŸ’“,"BeatingHeart"
ğŸ’”,"BrokenHeart"
ğŸ’•,"TwoHearts"
ğŸ’–,"SparklingHeart"
ğŸ’—,"GrowingHeart"
ğŸ’™,"BlueHeart"
ğŸ’š,"GreenHeart"
ğŸ’›,"YellowHeart"
ğŸ§¡,"OrangeHeart"
ğŸ’œ,"PurpleHeart"
ğŸ–¤,"BlackHeart"
ğŸ’,"HeartWithRibbon"
ğŸ’,"RevolvingHearts"
ğŸ’Ÿ,"HeartDecoration"
â£,"HeavyHeartExclamation"
ğŸ’¤,"Zzz"
ğŸ’¢,"AngerSymbol"
ğŸ’¬,"SpeechBalloon"
ğŸ—¯,"RightAngerBubble"
ğŸ’­,"ThoughtBalloon"
ğŸ’®,"WhiteFlower"
â™¨,"HotSprings"
ğŸ’ˆ,"BarberPole"
ğŸ›‘,"StopSign"
ğŸ•›,"TwelveOâ€™clock"
ğŸ•§,"Twelve-Thirty"
ğŸ•,"OneOâ€™clock"
ğŸ•œ,"One-Thirty"
ğŸ•‘,"TwoOâ€™clock"
ğŸ•,"Two-Thirty"
ğŸ•’,"ThreeOâ€™clock"
ğŸ•,"Three-Thirty"
ğŸ•“,"FourOâ€™clock"
ğŸ•Ÿ,"Four-Thirty"
ğŸ•”,"FiveOâ€™clock"
ğŸ• ,"Five-Thirty"
ğŸ••,"SixOâ€™clock"
ğŸ•¡,"Six-Thirty"
ğŸ•–,"SevenOâ€™clock"
ğŸ•¢,"Seven-Thirty"
ğŸ•—,"EightOâ€™clock"
ğŸ•£,"Eight-Thirty"
ğŸ•˜,"NineOâ€™clock"
ğŸ•¤,"Nine-Thirty"
ğŸ•™,"TenOâ€™clock"
ğŸ•¥,"Ten-Thirty"
ğŸ•š,"ElevenOâ€™clock"
ğŸ•¦,"Eleven-Thirty"
ğŸŒ€,"Cyclone"
â™ ,"SpadeSuit"
â™¥,"HeartSuit"
â™¦,"DiamondSuit"
â™£,"ClubSuit"
ğŸƒ,"Joker"
ğŸ€„,"MahjongRedDragon"
ğŸ´,"FlowerPlayingCards"
ğŸ”‡,"MutedSpeaker"
ğŸ”ˆ,"SpeakerLowVolume"
ğŸ”‰,"SpeakerMediumVolume"
ğŸ”Š,"SpeakerHighVolume"
ğŸ“¢,"Loudspeaker"
ğŸ“£,"Megaphone"
ğŸ“¯,"PostalHorn"
ğŸ””,"Bell"
ğŸ”•,"BellWithSlash"
ğŸµ,"MusicalNote"
ğŸ¶,"MusicalNotes"
ğŸ§,"AtmSign"
ğŸš®,"LitterinBinSign"
ğŸš°,"PotableWater"
â™¿,"WheelchairSymbol"
ğŸš¹,"Menâ€™sRoom"
ğŸšº,"Womenâ€™sRoom"
ğŸš»,"Restroom"
ğŸš¼,"BabySymbol"
ğŸš¾,"WaterCloset"
âš ,"Warning"
ğŸš¸,"ChildrenCrossing"
â›”,"NoEntry"
ğŸš«,"Prohibited"
ğŸš³,"NoBicycles"
ğŸš­,"NoSmoking"
ğŸš¯,"NoLittering"
ğŸš±,"Non-PotableWater"
ğŸš·,"NoPedestrians"
ğŸ”,"NoOneUnderEighteen"
â˜¢,"Radioactive"
â˜£,"Biohazard"
â¬†,"UpArrow"
â†—,"Up-RightArrow"
â¡,"RightArrow"
â†˜,"Down-RightArrow"
â¬‡,"DownArrow"
â†™,"Down-LeftArrow"
â¬…,"LeftArrow"
â†–,"Up-LeftArrow"
â†•,"Up-DownArrow"
â†”,"Left-RightArrow"
â†©,"RightArrowCurvingLeft"
â†ª,"LeftArrowCurvingRight"
â¤´,"RightArrowCurvingUp"
â¤µ,"RightArrowCurvingDown"
â¬†ï¸,"HeavyArrowUp"
â¬‡ï¸,"HeavyArrowDown"
ğŸ”ƒ,"ClockwiseVerticalArrows"
ğŸ”„,"CounterclockwiseArrowsButton"
ğŸ”™,"BackArrow"
ğŸ”š,"EndArrow"
ğŸ”›,"On!Arrow"
ğŸ”œ,"SoonArrow"
ğŸ”,"TopArrow"
ğŸ›,"PlaceofWorship"
âš›,"AtomSymbol"
ğŸ•‰,"Om"
âœ¡,"StarofDavid"
â˜¸,"WheelofDharma"
â˜¯,"YinYang"
âœ,"LatinCross"
â˜¦,"OrthodoxCross"
â˜ª,"StarandCrescent"
â˜®,"PeaceSymbol"
ğŸ•,"Menorah"
ğŸ”¯,"DottedSix-PointedStar"
â™ˆ,"Aries"
â™‰,"Taurus"
â™Š,"Gemini"
â™‹,"Cancer"
â™Œ,"Leo"
â™,"Virgo"
â™,"Libra"
â™,"Scorpio"
â™,"Sagittarius"
â™‘,"Capricorn"
â™’,"Aquarius"
â™“,"Pisces"
â›,"Ophiuchus"
ğŸ”€,"ShuffleTracksButton"
ğŸ”,"RepeatButton"
ğŸ”‚,"RepeatSingleButton"
â–¶,"PlayButton"
â©,"Fast-ForwardButton"
â—€,"ReverseButton"
âª,"FastReverseButton"
ğŸ”¼,"UpwardsButton"
â«,"FastUpButton"
ğŸ”½,"DownwardsButton"
â¬,"FastDownButton"
â¹,"StopButton"
â,"EjectButton"
ğŸ¦,"Cinema"
ğŸ”…,"DimButton"
ğŸ”†,"BrightButton"
ğŸ“¶,"AntennaBars"
ğŸ“³,"VibrationMode"
ğŸ“´,"MobilePhoneOff"
â™»,"RecyclingSymbol"
ğŸ”±,"TridentEmblem"
ğŸ“›,"NameBadge"
ğŸ”°,"JapaneseSymbolforBeginner"
â­•,"HeavyLargeCircle"
âœ…,"WhiteHeavyCheckMark"
â˜‘,"BallotBoxWithCheck"
âœ”,"HeavyCheckMark"
âœ–,"HeavyMultiplicationX"
âŒ,"CrossMark"
â,"CrossMarkButton"
â•,"HeavyPlusSign"
âœ–ï¸,"HeavyMultiplicationSign"
â–,"HeavyMinusSign"
â—,"HeavyDivisionSign"
â°,"CurlyLoop"
â¿,"DoubleCurlyLoop"
ã€½,"PartAlternationMark"
âœ³,"Eight-SpokedAsterisk"
âœ´,"Eight-PointedStar"
â‡,"Sparkle"
â€¼,"DoubleExclamationMark"
â‰,"ExclamationQuestionMark"
â“,"QuestionMark"
â”,"WhiteQuestionMark"
â•,"WhiteExclamationMark"
â—,"ExclamationMark"
Â©,"Copyright"
Â®,"Registered"
â„¢,"TradeMark"
#ï¸âƒ£,"KeycapNumberSign"
0ï¸âƒ£,"KeycapDigitZero"
1ï¸âƒ£,"KeycapDigitOne"
2ï¸âƒ£,"KeycapDigitTwo"
3ï¸âƒ£,"KeycapDigitThree"
4ï¸âƒ£,"KeycapDigitFour"
5ï¸âƒ£,"KeycapDigitFive"
6ï¸âƒ£,"KeycapDigitSix"
7ï¸âƒ£,"KeycapDigitSeven"
8ï¸âƒ£,"KeycapDigitEight"
9ï¸âƒ£,"KeycapDigitNine"
ğŸ”Ÿ,"Keycap10"
ğŸ’¯,"HundredPoints"
ğŸ” ,"InputLatinUppercase"
ğŸ”¡,"InputLatinLowercase"
ğŸ”¢,"InputNumbers"
ğŸ”£,"InputSymbols"
ğŸ”¤,"InputLatinLetters"
ğŸ…°,"AButton"
ğŸ†,"AbButton"
ğŸ…±,"BButton"
ğŸ†‘,"CLButton"
ğŸ†’,"CoolButton"
ğŸ†“,"FreeButton"
â„¹,"Information"
ğŸ†”,"IDButton"
â“‚,"CircledM"
ğŸ†•,"NewButton"
ğŸ†–,"NGButton"
ğŸ…¾,"OButton"
ğŸ†—,"OKButton"
ğŸ…¿,"PButton"
ğŸ†˜,"SOSButton"
ğŸ†™,"Up!Button"
ğŸ†š,"VsButton"
ğŸˆ,"Japaneseâ€œhereâ€Button"
ğŸˆ‚,"Japaneseâ€œserviceChargeâ€Button"
ğŸˆ·,"Japaneseâ€œmonthlyAmountâ€Button"
ğŸˆ¶,"Japaneseâ€œnotFreeofChargeâ€Button"
ğŸˆ¯,"Japaneseâ€œreservedâ€Button"
ğŸ‰,"Japaneseâ€œbargainâ€Button"
ğŸˆ¹,"Japaneseâ€œdiscountâ€Button"
ğŸˆš,"Japaneseâ€œfreeofChargeâ€Button"
ğŸˆ²,"Japaneseâ€œprohibitedâ€Button"
ğŸ‰‘,"Japaneseâ€œacceptableâ€Button"
ğŸˆ¸,"Japaneseâ€œapplicationâ€Button"
ğŸˆ´,"Japaneseâ€œpassingGradeâ€Button"
ğŸˆ³,"Japaneseâ€œvacancyâ€Button"
ãŠ—,"Japaneseâ€œcongratulationsâ€Button"
ãŠ™,"Japaneseâ€œsecretâ€Button"
ğŸˆº,"Japaneseâ€œopenforBusinessâ€Button"
ğŸˆµ,"Japaneseâ€œnoVacancyâ€Button"
â–ª,"BlackSmallSquare"
â–«,"WhiteSmallSquare"
â—»,"WhiteMediumSquare"
â—¼,"BlackMediumSquare"
â—½,"WhiteMedium-SmallSquare"
â—¾,"BlackMedium-SmallSquare"
â¬›,"BlackLargeSquare"
â¬œ,"WhiteLargeSquare"
ğŸ”¶,"LargeOrangeDiamond"
ğŸ”·,"LargeBlueDiamond"
ğŸ”¸,"SmallOrangeDiamond"
ğŸ”¹,"SmallBlueDiamond"
ğŸ”º,"RedTrianglePointedUp"
ğŸ”»,"RedTrianglePointedDown"
ğŸ’ ,"DiamondWithaDot"
ğŸ”²,"BlackSquareButton"
ğŸ”³,"WhiteSquareButton"
âšª,"WhiteCircle"
âš«,"BlackCircle"
ğŸ”´,"RedCircle"
ğŸ”µ,"BlueCircle"
break,"break"
ğŸ,"ChequeredFlag"
ğŸš©,"TriangularFlag"
ğŸŒ,"CrossedFlags"
ğŸ´,"BlackFlag"
ğŸ³,"WhiteFlag"
ğŸ³ï¸â€ğŸŒˆ,"RainbowFlag"
ğŸ´â€â˜ ï¸,"PirateFlag"
ğŸ‡¦ğŸ‡¨,"AscensionIsland"
ğŸ‡¦ğŸ‡©,"Andorra"
ğŸ‡¦ğŸ‡ª,"UnitedArabEmirates"
ğŸ‡¦ğŸ‡«,"Afghanistan"
ğŸ‡¦ğŸ‡¬,"Antigua&Barbuda"
ğŸ‡¦ğŸ‡®,"Anguilla"
ğŸ‡¦ğŸ‡±,"Albania"
ğŸ‡¦ğŸ‡²,"Armenia"
ğŸ‡¦ğŸ‡´,"Angola"
ğŸ‡¦ğŸ‡¶,"Antarctica"
ğŸ‡¦ğŸ‡·,"Argentina"
ğŸ‡¦ğŸ‡¸,"AmericanSamoa"
ğŸ‡¦ğŸ‡¹,"Austria"
ğŸ‡¦ğŸ‡º,"Australia"
ğŸ‡¦ğŸ‡¼,"Aruba"
ğŸ‡¦ğŸ‡½,"Ã…landIslands"
ğŸ‡¦ğŸ‡¿,"Azerbaijan"
ğŸ‡§ğŸ‡¦,"Bosnia&Herzegovina"
ğŸ‡§ğŸ‡§,"Barbados"
ğŸ‡§ğŸ‡©,"Bangladesh"
ğŸ‡§ğŸ‡ª,"Belgium"
ğŸ‡§ğŸ‡«,"BurkinaFaso"
ğŸ‡§ğŸ‡¬,"Bulgaria"
ğŸ‡§ğŸ‡­,"Bahrain"
ğŸ‡§ğŸ‡®,"Burundi"
ğŸ‡§ğŸ‡¯,"Benin"
ğŸ‡§ğŸ‡±,"St.BarthÃ©lemy"
ğŸ‡§ğŸ‡²,"Bermuda"
ğŸ‡§ğŸ‡³,"Brunei"
ğŸ‡§ğŸ‡´,"Bolivia"
ğŸ‡§ğŸ‡¶,"CaribbeanNetherlands"
ğŸ‡§ğŸ‡·,"Brazil"
ğŸ‡§ğŸ‡¸,"Bahamas"
ğŸ‡§ğŸ‡¹,"Bhutan"
ğŸ‡§ğŸ‡»,"BouvetIsland"
ğŸ‡§ğŸ‡¼,"Botswana"
ğŸ‡§ğŸ‡¾,"Belarus"
ğŸ‡§ğŸ‡¿,"Belize"
ğŸ‡¨ğŸ‡¦,"Canada"
ğŸ‡¨ğŸ‡¨,"Cocos(Keeling)Islands"
ğŸ‡¨ğŸ‡©,"Congo-Kinshasa"
ğŸ‡¨ğŸ‡«,"CentralAfricanRepublic"
ğŸ‡¨ğŸ‡¬,"Congo-Brazzaville"
ğŸ‡¨ğŸ‡­,"Switzerland"
ğŸ‡¨ğŸ‡®,"CÃ´teDâ€™Ivoire"
ğŸ‡¨ğŸ‡°,"CookIslands"
ğŸ‡¨ğŸ‡±,"Chile"
ğŸ‡¨ğŸ‡²,"Cameroon"
ğŸ‡¨ğŸ‡³,"China"
ğŸ‡¨ğŸ‡´,"Colombia"
ğŸ‡¨ğŸ‡µ,"ClippertonIsland"
ğŸ‡¨ğŸ‡·,"CostaRica"
ğŸ‡¨ğŸ‡º,"Cuba"
ğŸ‡¨ğŸ‡»,"CapeVerde"
ğŸ‡¨ğŸ‡¼,"CuraÃ§ao"
ğŸ‡¨ğŸ‡½,"ChristmasIsland"
ğŸ‡¨ğŸ‡¾,"Cyprus"
ğŸ‡¨ğŸ‡¿,"Czechia"
ğŸ‡©ğŸ‡ª,"Germany"
ğŸ‡©ğŸ‡¬,"DiegoGarcia"
ğŸ‡©ğŸ‡¯,"Djibouti"
ğŸ‡©ğŸ‡°,"Denmark"
ğŸ‡©ğŸ‡²,"Dominica"
ğŸ‡©ğŸ‡´,"DominicanRepublic"
ğŸ‡©ğŸ‡¿,"Algeria"
ğŸ‡ªğŸ‡¦,"Ceuta&Melilla"
ğŸ‡ªğŸ‡¨,"Ecuador"
ğŸ‡ªğŸ‡ª,"Estonia"
ğŸ‡ªğŸ‡¬,"Egypt"
ğŸ‡ªğŸ‡­,"WesternSahara"
ğŸ‡ªğŸ‡·,"Eritrea"
ğŸ‡ªğŸ‡¸,"Spain"
ğŸ‡ªğŸ‡¹,"Ethiopia"
ğŸ‡ªğŸ‡º,"EuropeanUnion"
ğŸ‡«ğŸ‡®,"Finland"
ğŸ‡«ğŸ‡¯,"Fiji"
ğŸ‡«ğŸ‡°,"FalklandIslands"
ğŸ‡«ğŸ‡²,"Micronesia"
ğŸ‡«ğŸ‡´,"FaroeIslands"
ğŸ‡«ğŸ‡·,"France"
ğŸ‡¬ğŸ‡¦,"Gabon"
ğŸ‡¬ğŸ‡§,"UnitedKingdom"
ğŸ‡¬ğŸ‡©,"Grenada"
ğŸ‡¬ğŸ‡ª,"Georgia"
ğŸ‡¬ğŸ‡«,"FrenchGuiana"
ğŸ‡¬ğŸ‡¬,"Guernsey"
ğŸ‡¬ğŸ‡­,"Ghana"
ğŸ‡¬ğŸ‡®,"Gibraltar"
ğŸ‡¬ğŸ‡±,"Greenland"
ğŸ‡¬ğŸ‡²,"Gambia"
ğŸ‡¬ğŸ‡³,"Guinea"
ğŸ‡¬ğŸ‡µ,"Guadeloupe"
ğŸ‡¬ğŸ‡¶,"EquatorialGuinea"
ğŸ‡¬ğŸ‡·,"Greece"
ğŸ‡¬ğŸ‡¸,"SouthGeorgia&SouthSandwichIslands"
ğŸ‡¬ğŸ‡¹,"Guatemala"
ğŸ‡¬ğŸ‡º,"Guam"
ğŸ‡¬ğŸ‡¼,"Guinea-Bissau"
ğŸ‡¬ğŸ‡¾,"Guyana"
ğŸ‡­ğŸ‡°,"HongKongSARChina"
ğŸ‡­ğŸ‡²,"Heard&McDonaldIslands"
ğŸ‡­ğŸ‡³,"Honduras"
ğŸ‡­ğŸ‡·,"Croatia"
ğŸ‡­ğŸ‡¹,"Haiti"
ğŸ‡­ğŸ‡º,"Hungary"
ğŸ‡®ğŸ‡¨,"CanaryIslands"
ğŸ‡®ğŸ‡©,"Indonesia"
ğŸ‡®ğŸ‡ª,"Ireland"
ğŸ‡®ğŸ‡±,"Israel"
ğŸ‡®ğŸ‡²,"IsleofMan"
ğŸ‡®ğŸ‡³,"India"
ğŸ‡®ğŸ‡´,"BritishIndianOceanTerritory"
ğŸ‡®ğŸ‡¶,"Iraq"
ğŸ‡®ğŸ‡·,"Iran"
ğŸ‡®ğŸ‡¸,"Iceland"
ğŸ‡®ğŸ‡¹,"Italy"
ğŸ‡¯ğŸ‡ª,"Jersey"
ğŸ‡¯ğŸ‡²,"Jamaica"
ğŸ‡¯ğŸ‡´,"Jordan"
ğŸ‡¯ğŸ‡µ,"Japan"
ğŸ‡°ğŸ‡ª,"Kenya"
ğŸ‡°ğŸ‡¬,"Kyrgyzstan"
ğŸ‡°ğŸ‡­,"Cambodia"
ğŸ‡°ğŸ‡®,"Kiribati"
ğŸ‡°ğŸ‡²,"Comoros"
ğŸ‡°ğŸ‡³,"St.Kitts&Nevis"
ğŸ‡°ğŸ‡µ,"NorthKorea"
ğŸ‡°ğŸ‡·,"SouthKorea"
ğŸ‡°ğŸ‡¼,"Kuwait"
ğŸ‡°ğŸ‡¾,"CaymanIslands"
ğŸ‡°ğŸ‡¿,"Kazakhstan"
ğŸ‡±ğŸ‡¦,"Laos"
ğŸ‡±ğŸ‡§,"Lebanon"
ğŸ‡±ğŸ‡¨,"St.Lucia"
ğŸ‡±ğŸ‡®,"Liechtenstein"
ğŸ‡±ğŸ‡°,"SriLanka"
ğŸ‡±ğŸ‡·,"Liberia"
ğŸ‡±ğŸ‡¸,"Lesotho"
ğŸ‡±ğŸ‡¹,"Lithuania"
ğŸ‡±ğŸ‡º,"Luxembourg"
ğŸ‡±ğŸ‡»,"Latvia"
ğŸ‡±ğŸ‡¾,"Libya"
ğŸ‡²ğŸ‡¦,"Morocco"
ğŸ‡²ğŸ‡¨,"Monaco"
ğŸ‡²ğŸ‡©,"Moldova"
ğŸ‡²ğŸ‡ª,"Montenegro"
ğŸ‡²ğŸ‡«,"St.Martin"
ğŸ‡²ğŸ‡¬,"Madagascar"
ğŸ‡²ğŸ‡­,"MarshallIslands"
ğŸ‡²ğŸ‡°,"Macedonia"
ğŸ‡²ğŸ‡±,"Mali"
ğŸ‡²ğŸ‡²,"Myanmar(Burma)"
ğŸ‡²ğŸ‡³,"Mongolia"
ğŸ‡²ğŸ‡´,"MacauSARChina"
ğŸ‡²ğŸ‡µ,"NorthernMarianaIslands"
ğŸ‡²ğŸ‡¶,"Martinique"
ğŸ‡²ğŸ‡·,"Mauritania"
ğŸ‡²ğŸ‡¸,"Montserrat"
ğŸ‡²ğŸ‡¹,"Malta"
ğŸ‡²ğŸ‡º,"Mauritius"
ğŸ‡²ğŸ‡»,"Maldives"
ğŸ‡²ğŸ‡¼,"Malawi"
ğŸ‡²ğŸ‡½,"Mexico"
ğŸ‡²ğŸ‡¾,"Malaysia"
ğŸ‡²ğŸ‡¿,"Mozambique"
ğŸ‡³ğŸ‡¦,"Namibia"
ğŸ‡³ğŸ‡¨,"NewCaledonia"
ğŸ‡³ğŸ‡ª,"Niger"
ğŸ‡³ğŸ‡«,"NorfolkIsland"
ğŸ‡³ğŸ‡¬,"Nigeria"
ğŸ‡³ğŸ‡®,"Nicaragua"
ğŸ‡³ğŸ‡±,"Netherlands"
ğŸ‡³ğŸ‡´,"Norway"
ğŸ‡³ğŸ‡µ,"Nepal"
ğŸ‡³ğŸ‡·,"Nauru"
ğŸ‡³ğŸ‡º,"Niue"
ğŸ‡³ğŸ‡¿,"NewZealand"
ğŸ‡´ğŸ‡²,"Oman"
ğŸ‡µğŸ‡¦,"Panama"
ğŸ‡µğŸ‡ª,"Peru"
ğŸ‡µğŸ‡«,"FrenchPolynesia"
ğŸ‡µğŸ‡¬,"PapuaNewGuinea"
ğŸ‡µğŸ‡­,"Philippines"
ğŸ‡µğŸ‡°,"Pakistan"
ğŸ‡µğŸ‡±,"Poland"
ğŸ‡µğŸ‡²,"St.Pierre&Miquelon"
ğŸ‡µğŸ‡³,"PitcairnIslands"
ğŸ‡µğŸ‡·,"PuertoRico"
ğŸ‡µğŸ‡¸,"PalestinianTerritories"
ğŸ‡µğŸ‡¹,"Portugal"
ğŸ‡µğŸ‡¼,"Palau"
ğŸ‡µğŸ‡¾,"Paraguay"
ğŸ‡¶ğŸ‡¦,"Qatar"
ğŸ‡·ğŸ‡ª,"RÃ©union"
ğŸ‡·ğŸ‡´,"Romania"
ğŸ‡·ğŸ‡¸,"Serbia"
ğŸ‡·ğŸ‡º,"Russia"
ğŸ‡·ğŸ‡¼,"Rwanda"
ğŸ‡¸ğŸ‡¦,"SaudiArabia"
ğŸ‡¸ğŸ‡§,"SolomonIslands"
ğŸ‡¸ğŸ‡¨,"Seychelles"
ğŸ‡¸ğŸ‡©,"Sudan"
ğŸ‡¸ğŸ‡ª,"Sweden"
ğŸ‡¸ğŸ‡¬,"Singapore"
ğŸ‡¸ğŸ‡­,"St.Helena"
ğŸ‡¸ğŸ‡®,"Slovenia"
ğŸ‡¸ğŸ‡¯,"Svalbard&JanMayen"
ğŸ‡¸ğŸ‡°,"Slovakia"
ğŸ‡¸ğŸ‡±,"SierraLeone"
ğŸ‡¸ğŸ‡²,"SanMarino"
ğŸ‡¸ğŸ‡³,"Senegal"
ğŸ‡¸ğŸ‡´,"Somalia"
ğŸ‡¸ğŸ‡·,"Suriname"
ğŸ‡¸ğŸ‡¸,"SouthSudan"
ğŸ‡¸ğŸ‡¹,"SÃ£oTomÃ©&PrÃ­ncipe"
ğŸ‡¸ğŸ‡»,"ElSalvador"
ğŸ‡¸ğŸ‡½,"SintMaarten"
ğŸ‡¸ğŸ‡¾,"Syria"
ğŸ‡¸ğŸ‡¿,"Swaziland"
ğŸ‡¹ğŸ‡¦,"TristanDaCunha"
ğŸ‡¹ğŸ‡¨,"Turks&CaicosIslands"
ğŸ‡¹ğŸ‡©,"Chad"
ğŸ‡¹ğŸ‡«,"FrenchSouthernTerritories"
ğŸ‡¹ğŸ‡¬,"Togo"
ğŸ‡¹ğŸ‡­,"Thailand"
ğŸ‡¹ğŸ‡¯,"Tajikistan"
ğŸ‡¹ğŸ‡°,"Tokelau"
ğŸ‡¹ğŸ‡±,"Timor-Leste"
ğŸ‡¹ğŸ‡²,"Turkmenistan"
ğŸ‡¹ğŸ‡³,"Tunisia"
ğŸ‡¹ğŸ‡´,"Tonga"
ğŸ‡¹ğŸ‡·,"Turkey"
ğŸ‡¹ğŸ‡¹,"Trinidad&Tobago"
ğŸ‡¹ğŸ‡»,"Tuvalu"
ğŸ‡¹ğŸ‡¼,"Taiwan"
ğŸ‡¹ğŸ‡¿,"Tanzania"
ğŸ‡ºğŸ‡¦,"Ukraine"
ğŸ‡ºğŸ‡¬,"Uganda"
ğŸ‡ºğŸ‡²,"U.S.OutlyingIslands"
ğŸ‡ºğŸ‡³,"UnitedNations"
ğŸ‡ºğŸ‡¸,"UnitedStates"
ğŸ‡ºğŸ‡¾,"Uruguay"
ğŸ‡ºğŸ‡¿,"Uzbekistan"
ğŸ‡»ğŸ‡¦,"VaticanCity"
ğŸ‡»ğŸ‡¨,"St.Vincent&Grenadines"
ğŸ‡»ğŸ‡ª,"Venezuela"
ğŸ‡»ğŸ‡¬,"BritishVirginIslands"
ğŸ‡»ğŸ‡®,"U.S.VirginIslands"
ğŸ‡»ğŸ‡³,"Vietnam"
ğŸ‡»ğŸ‡º,"Vanuatu"
ğŸ‡¼ğŸ‡«,"Wallis&Futuna"
ğŸ‡¼ğŸ‡¸,"Samoa"
ğŸ‡½ğŸ‡°,"Kosovo"
ğŸ‡¾ğŸ‡ª,"Yemen"
ğŸ‡¾ğŸ‡¹,"Mayotte"
ğŸ‡¿ğŸ‡¦,"SouthAfrica"
ğŸ‡¿ğŸ‡²,"Zambia"
ğŸ‡¿ğŸ‡¼,"Zimbabwe"
ğŸ´ó §ó ¢ó ¥ó ®ó §ó ¿,"England"
ğŸ´ó §ó ¢ó ³ó £ó ´ó ¿,"Scotland"
ğŸ´ó §ó ¢ó ·ó ¬ó ³ó ¿,"Wales"
ğŸª™,"Coin"
ğŸ§®,"Abacus"